memory_name,compound_id,name,domain,reference_group,label_source,ar_binding,tanimoto,murcko_scaffold,task,query_compound_id,query_name,query_delta_score
pollutant_only,DTXSID9033923,Procymidone,pollutant,pollutant_only,ctx_target_mie_curated_endpoints,1.0,0.375,O=C1C2CC2C(=O)N1c1ccccc1,ar_binding,DTXSID9034286,5-Chloro-2-methyl-3(2H)-isothiazolone,0.7557013273239136
pollutant_only,DTXSID4022361,Vinclozolin,pollutant,pollutant_only,ctx_target_mie_curated_endpoints,1.0,0.2820513,O=C1COC(=O)N1c1ccccc1,ar_binding,DTXSID9034286,5-Chloro-2-methyl-3(2H)-isothiazolone,0.7557013273239136
pollutant_only,DTXSID1025805,2-n-Octyl-4-isothiazolin-3-one,pollutant,pollutant_only,ctx_target_mie_curated_endpoints,1.0,0.27027026,O=c1ccs[nH]1,ar_binding,DTXSID9034286,5-Chloro-2-methyl-3(2H)-isothiazolone,0.7557013273239136
pollutant_only,DTXSID5032315,"4,5-Dichloro-2-octyl-3(2H)-isothiazolone",pollutant,pollutant_only,ctx_target_mie_curated_endpoints,1.0,0.2631579,O=c1ccs[nH]1,ar_binding,DTXSID9034286,5-Chloro-2-methyl-3(2H)-isothiazolone,0.7557013273239136
pollutant_only,DTXSID2024793,Chloroneb,pollutant,pollutant_only,ctx_target_mie_curated_endpoints,0.0,0.25,c1ccccc1,ar_binding,DTXSID9034286,5-Chloro-2-methyl-3(2H)-isothiazolone,0.7557013273239136
natural_product,CHEMBL1405,ESTRONE,natural_product,natural_product,chembl_source_target_mie_curated,1.0,0.19148937,O=C1CCC2C1CCC1c3ccccc3CCC12,ar_binding,DTXSID9034286,5-Chloro-2-methyl-3(2H)-isothiazolone,0.7557013273239136
natural_product,CHEMBL182593,CHEMBL182593,natural_product,natural_product,chembl_source_target_mie_curated,1.0,0.18604651,O=C1C2C3C=CC(C3)C2C(=O)N1c1ccccc1,ar_binding,DTXSID9034286,5-Chloro-2-methyl-3(2H)-isothiazolone,0.7557013273239136
natural_product,CHEMBL4285568,CHEMBL4285568,natural_product,natural_product,chembl_source_target_mie_curated,1.0,0.18367347,O=C(C=Cc1ccccc1)c1ccccc1,ar_binding,DTXSID9034286,5-Chloro-2-methyl-3(2H)-isothiazolone,0.7557013273239136
natural_product,CHEMBL1085,ACETOPHENAZINE,natural_product,natural_product,chembl_source_target_mie_curated,1.0,0.18181819,c1ccc2c(c1)Sc1ccccc1N2CCCN1CCNCC1,ar_binding,DTXSID9034286,5-Chloro-2-methyl-3(2H)-isothiazolone,0.7557013273239136
natural_product,CHEMBL274826,ANDROSTENEDIONE,natural_product,natural_product,chembl_source_target_mie_curated,1.0,0.18181819,O=C1C=C2CCC3C4CCC(=O)C4CCC3C2CC1,ar_binding,DTXSID9034286,5-Chloro-2-methyl-3(2H)-isothiazolone,0.7557013273239136
ar_support_v2,DTXSID9033923,Procymidone,pollutant,pollutant_only,ctx_target_mie_curated_endpoints,1.0,0.375,O=C1C2CC2C(=O)N1c1ccccc1,ar_binding,DTXSID9034286,5-Chloro-2-methyl-3(2H)-isothiazolone,0.7557013273239136
ar_support_v2,CHEMBL257668,CHEMBL257668,generic_bioactive,generic_bioactive,chembl_source_target_mie_curated,1.0,0.28947368,O=C1C2C3CCC(O3)C2C(=O)N1c1ccccc1,ar_binding,DTXSID9034286,5-Chloro-2-methyl-3(2H)-isothiazolone,0.7557013273239136
ar_support_v2,DTXSID4022361,Vinclozolin,pollutant,pollutant_only,ctx_target_mie_curated_endpoints,1.0,0.2820513,O=C1COC(=O)N1c1ccccc1,ar_binding,DTXSID9034286,5-Chloro-2-methyl-3(2H)-isothiazolone,0.7557013273239136
ar_support_v2,DTXSID1025805,2-n-Octyl-4-isothiazolin-3-one,pollutant,pollutant_only,ctx_target_mie_curated_endpoints,1.0,0.27027026,O=c1ccs[nH]1,ar_binding,DTXSID9034286,5-Chloro-2-methyl-3(2H)-isothiazolone,0.7557013273239136
ar_support_v2,DTXSID5032315,"4,5-Dichloro-2-octyl-3(2H)-isothiazolone",pollutant,pollutant_only,ctx_target_mie_curated_endpoints,1.0,0.2631579,O=c1ccs[nH]1,ar_binding,DTXSID9034286,5-Chloro-2-methyl-3(2H)-isothiazolone,0.7557013273239136
pollutant_only,DTXSID8033562,Hydroxyflutamide,pollutant,pollutant_only,ctx_target_mie_curated_endpoints,1.0,0.43103448,c1ccccc1,ar_binding,DTXSID2022678,Bicalutamide,0.741589629650116
pollutant_only,DTXSID1047312,GSK232420A,pollutant,pollutant_only,ctx_target_mie_curated_endpoints,1.0,0.38709676,c1ccccc1,ar_binding,DTXSID2022678,Bicalutamide,0.741589629650116
pollutant_only,DTXSID7032004,Flutamide,pollutant,pollutant_only,ctx_target_mie_curated_endpoints,1.0,0.38333333,c1ccccc1,ar_binding,DTXSID2022678,Bicalutamide,0.741589629650116
pollutant_only,DTXSID8024109,Flutolanil,pollutant,pollutant_only,ctx_target_mie_curated_endpoints,0.0,0.3030303,O=C(Nc1ccccc1)c1ccccc1,ar_binding,DTXSID2022678,Bicalutamide,0.741589629650116
pollutant_only,DTXSID2032552,Flufenacet,pollutant,pollutant_only,ctx_target_mie_curated_endpoints,1.0,0.28169015,O=C(COc1nncs1)Nc1ccccc1,ar_binding,DTXSID2022678,Bicalutamide,0.741589629650116
natural_product,CHEMBL469759,CHEMBL469759,natural_product,natural_product,chembl_source_target_mie_curated,1.0,0.42424244,O=C(CCOc1ccccc1)Nc1ccccc1,ar_binding,DTXSID2022678,Bicalutamide,0.741589629650116
natural_product,CHEMBL4457117,CHEMBL4457117,natural_product,natural_product,chembl_source_target_mie_curated,1.0,0.25,O=C(NCCn1ccc(-c2ccccc2)n1)c1cc[nH]n1,ar_binding,DTXSID2022678,Bicalutamide,0.741589629650116
natural_product,CHEMBL5206636,CHEMBL5206636,natural_product,natural_product,chembl_source_target_mie_curated,1.0,0.25,O=C(NCCn1ccc(-c2ccccc2)n1)c1cc[nH]n1,ar_binding,DTXSID2022678,Bicalutamide,0.741589629650116
natural_product,CHEMBL4297185,DAROLUTAMIDE,natural_product,natural_product,chembl_source_target_mie_curated,1.0,0.25,O=C(NCCn1ccc(-c2ccccc2)n1)c1cc[nH]n1,ar_binding,DTXSID2022678,Bicalutamide,0.741589629650116
natural_product,CHEMBL603,ZAFIRLUKAST,natural_product,natural_product,chembl_source_target_mie_curated,1.0,0.22105263,O=C(Nc1ccc2[nH]cc(Cc3ccc(C(=O)NS(=O)(=O)c4ccccc4)cc3)c2c1)OC1CCCC1,ar_binding,DTXSID2022678,Bicalutamide,0.741589629650116
ar_support_v2,CHEMBL63560,(R)-BICALUTAMIDE,generic_bioactive,generic_bioactive,chembl_source_target_mie_curated,1.0,1.0,O=C(CCS(=O)(=O)c1ccccc1)Nc1ccccc1,ar_binding,DTXSID2022678,Bicalutamide,0.741589629650116
ar_support_v2,CHEMBL409,BICALUTAMIDE,generic_bioactive,generic_bioactive,chembl_source_target_mie_curated,1.0,1.0,O=C(CCS(=O)(=O)c1ccccc1)Nc1ccccc1,ar_binding,DTXSID2022678,Bicalutamide,0.741589629650116
ar_support_v2,CHEMBL124881,(S)-BICALUTAMIDE,generic_bioactive,generic_bioactive,chembl_source_target_mie_curated,1.0,1.0,O=C(CCS(=O)(=O)c1ccccc1)Nc1ccccc1,ar_binding,DTXSID2022678,Bicalutamide,0.741589629650116
ar_support_v2,CHEMBL122510,CHEMBL122510,generic_bioactive,generic_bioactive,chembl_source_target_mie_curated,1.0,0.8627451,O=C(CCS(=O)(=O)c1ccccc1)Nc1ccccc1,ar_binding,DTXSID2022678,Bicalutamide,0.741589629650116
ar_support_v2,CHEMBL4585541,CHEMBL4585541,generic_bioactive,generic_bioactive,chembl_source_target_mie_curated,1.0,0.84615386,O=C(CCS(=O)(=O)c1ccccc1)Nc1ccccc1,ar_binding,DTXSID2022678,Bicalutamide,0.741589629650116
pollutant_only,DTXSID0032493,Triadimenol,pollutant,pollutant_only,ctx_target_mie_curated_endpoints,1.0,0.6041667,c1ccc(OCn2cncn2)cc1,ar_binding,DTXSID3023897,Triadimefon,0.6933902502059937
pollutant_only,DTXSID2024242,Paclobutrazol,pollutant,pollutant_only,ctx_target_mie_curated_endpoints,1.0,0.46153846,c1ccc(CCn2cncn2)cc1,ar_binding,DTXSID3023897,Triadimefon,0.6933902502059937
pollutant_only,DTXSID3020336,Clofibrate,pollutant,pollutant_only,ctx_target_mie_curated_endpoints,0.0,0.40425533,c1ccccc1,ar_binding,DTXSID3023897,Triadimefon,0.6933902502059937
pollutant_only,DTXSID2040363,Diniconazole,pollutant,pollutant_only,ctx_target_mie_curated_endpoints,1.0,0.36206895,C(=Cn1cncn1)c1ccccc1,ar_binding,DTXSID3023897,Triadimefon,0.6933902502059937
pollutant_only,DTXSID2029874,Fenofibrate,pollutant,pollutant_only,ctx_target_mie_curated_endpoints,0.0,0.35849056,O=C(c1ccccc1)c1ccccc1,ar_binding,DTXSID3023897,Triadimefon,0.6933902502059937
natural_product,CHEMBL6,INDOMETHACIN,natural_product,natural_product,chembl_source_target_mie_curated,1.0,0.25373134,O=C(c1ccccc1)n1ccc2ccccc21,ar_binding,DTXSID3023897,Triadimefon,0.6933902502059937
natural_product,CHEMBL1391,"O,P'-DDE (1,1-(O,P'-DICHLORODIPHENYL)-2,2 DICHLOROETHENE)",natural_product,natural_product,chembl_source_target_mie_curated,0.0,0.23529412,C=C(c1ccccc1)c1ccccc1,ar_binding,DTXSID3023897,Triadimefon,0.6933902502059937
natural_product,CHEMBL1326877,DIOXYBENZONE,natural_product,natural_product,chembl_source_target_mie_curated,1.0,0.21818182,O=C(c1ccccc1)c1ccccc1,ar_binding,DTXSID3023897,Triadimefon,0.6933902502059937
natural_product,CHEMBL469759,CHEMBL469759,natural_product,natural_product,chembl_source_target_mie_curated,1.0,0.21428572,O=C(CCOc1ccccc1)Nc1ccccc1,ar_binding,DTXSID3023897,Triadimefon,0.6933902502059937
natural_product,CHEMBL416898,CHLOROPHENOTHANE,natural_product,natural_product,chembl_source_target_mie_curated,0.0,0.21276596,c1ccc(Cc2ccccc2)cc1,ar_binding,DTXSID3023897,Triadimefon,0.6933902502059937
ar_support_v2,DTXSID0032493,Triadimenol,pollutant,pollutant_only,ctx_target_mie_curated_endpoints,1.0,0.6041667,c1ccc(OCn2cncn2)cc1,ar_binding,DTXSID3023897,Triadimefon,0.6933902502059937
ar_support_v2,DTXSID2024242,Paclobutrazol,pollutant,pollutant_only,ctx_target_mie_curated_endpoints,1.0,0.46153846,c1ccc(CCn2cncn2)cc1,ar_binding,DTXSID3023897,Triadimefon,0.6933902502059937
ar_support_v2,DTXSID3020336,Clofibrate,pollutant,pollutant_only,ctx_target_mie_curated_endpoints,0.0,0.40425533,c1ccccc1,ar_binding,DTXSID3023897,Triadimefon,0.6933902502059937
ar_support_v2,DTXSID2040363,Diniconazole,pollutant,pollutant_only,ctx_target_mie_curated_endpoints,1.0,0.36206895,C(=Cn1cncn1)c1ccccc1,ar_binding,DTXSID3023897,Triadimefon,0.6933902502059937
ar_support_v2,DTXSID9032113,Tebuconazole,pollutant,pollutant_only,ctx_target_mie_curated_endpoints,1.0,0.3508772,c1ccc(CCCCn2cncn2)cc1,ar_binding,DTXSID3023897,Triadimefon,0.6933902502059937
pollutant_only,DTXSID8034877,Pyrimethanil,pollutant,pollutant_only,ctx_target_mie_curated_endpoints,0.0,0.65625,c1ccc(Nc2ncccn2)cc1,ar_binding,DTXSID1032359,Cyprodinil,0.6931606332461039
pollutant_only,DTXSID4042121,Mepanipyrim,pollutant,pollutant_only,ctx_target_mie_curated_endpoints,0.0,0.5121951,c1ccc(Nc2ncccn2)cc1,ar_binding,DTXSID1032359,Cyprodinil,0.6931606332461039
pollutant_only,DTXSID4021975,Diphenylamine,pollutant,pollutant_only,ctx_target_mie_curated_endpoints,0.0,0.3125,c1ccc(Nc2ccccc2)cc1,ar_binding,DTXSID1032359,Cyprodinil,0.6931606332461039
pollutant_only,DTXSID0027721,4-(2-Phenylpropan-2-yl)-N-[4-(2-phenylpropan-2-yl)phenyl]aniline,pollutant,pollutant_only,ctx_target_mie_curated_endpoints,0.0,0.2682927,c1ccc(Cc2ccc(Nc3ccc(Cc4ccccc4)cc3)cc2)cc1,ar_binding,DTXSID1032359,Cyprodinil,0.6931606332461039
pollutant_only,DTXSID2025892,N-Phenyl-1-naphthylamine,pollutant,pollutant_only,ctx_target_mie_curated_endpoints,1.0,0.2682927,c1ccc(Nc2cccc3ccccc23)cc1,ar_binding,DTXSID1032359,Cyprodinil,0.6931606332461039
natural_product,CHEMBL278819,MINAPRINE,natural_product,natural_product,chembl_source_target_mie_curated,1.0,0.21666667,c1ccc(-c2ccc(NCCN3CCOCC3)nn2)cc1,ar_binding,DTXSID1032359,Cyprodinil,0.6931606332461039
natural_product,CHEMBL121626,TOLFENAMIC ACID,natural_product,natural_product,chembl_source_target_mie_curated,0.0,0.21568628,c1ccc(Nc2ccccc2)cc1,ar_binding,DTXSID1032359,Cyprodinil,0.6931606332461039
natural_product,CHEMBL282575,ESTRADIOL BENZOATE,natural_product,natural_product,chembl_source_target_mie_curated,1.0,0.20895523,O=C(Oc1ccc2c(c1)CCC1C2CCC2CCCC21)c1ccccc1,ar_binding,DTXSID1032359,Cyprodinil,0.6931606332461039
natural_product,CHEMBL193377,CHEMBL193377,natural_product,natural_product,chembl_source_target_mie_curated,0.0,0.19512194,c1ccc(C2COCC2c2ccccc2)cc1,ar_binding,DTXSID1032359,Cyprodinil,0.6931606332461039
natural_product,CHEMBL194749,CHEMBL194749,natural_product,natural_product,chembl_source_target_mie_curated,1.0,0.19298245,c1ccc2c(c1)CCC1C2CCC2CCCC21,ar_binding,DTXSID1032359,Cyprodinil,0.6931606332461039
ar_support_v2,DTXSID8034877,Pyrimethanil,pollutant,pollutant_only,ctx_target_mie_curated_endpoints,0.0,0.65625,c1ccc(Nc2ncccn2)cc1,ar_binding,DTXSID1032359,Cyprodinil,0.6931606332461039
ar_support_v2,DTXSID4021975,Diphenylamine,pollutant,pollutant_only,ctx_target_mie_curated_endpoints,0.0,0.3125,c1ccc(Nc2ccccc2)cc1,ar_binding,DTXSID1032359,Cyprodinil,0.6931606332461039
ar_support_v2,DTXSID2025892,N-Phenyl-1-naphthylamine,pollutant,pollutant_only,ctx_target_mie_curated_endpoints,1.0,0.2682927,c1ccc(Nc2cccc3ccccc23)cc1,ar_binding,DTXSID1032359,Cyprodinil,0.6931606332461039
ar_support_v2,DTXSID7025895,"N-Phenyl-1,4-benzenediamine",pollutant,pollutant_only,ctx_target_mie_curated_endpoints,1.0,0.2631579,c1ccc(Nc2ccccc2)cc1,ar_binding,DTXSID1032359,Cyprodinil,0.6931606332461039
ar_support_v2,DTXSID7051557,"2,6-Dimethylpyridine",pollutant,pollutant_only,ctx_target_mie_curated_endpoints,0.0,0.25714287,c1ccncc1,ar_binding,DTXSID1032359,Cyprodinil,0.6931606332461039
pollutant_only,DTXSID7032004,Flutamide,pollutant,pollutant_only,ctx_target_mie_curated_endpoints,1.0,0.70731705,c1ccccc1,ar_binding,DTXSID8033562,Hydroxyflutamide,0.6900109603070821
pollutant_only,DTXSID7021788,3-(Trifluoromethyl)-4-nitrophenol,pollutant,pollutant_only,ctx_target_mie_curated_endpoints,1.0,0.57894737,c1ccccc1,ar_binding,DTXSID8033562,Hydroxyflutamide,0.6900109603070821
pollutant_only,DTXSID3034165,Nilutamide,pollutant,pollutant_only,ctx_target_mie_curated_endpoints,1.0,0.43137255,O=C1CNC(=O)N1c1ccccc1,ar_binding,DTXSID8033562,Hydroxyflutamide,0.6900109603070821
pollutant_only,DTXSID2022678,Bicalutamide,pollutant,pollutant_only,ctx_target_mie_curated_endpoints,1.0,0.43103448,O=C(CCS(=O)(=O)c1ccccc1)Nc1ccccc1,ar_binding,DTXSID8033562,Hydroxyflutamide,0.6900109603070821
pollutant_only,DTXSID3032337,Butralin,pollutant,pollutant_only,ctx_target_mie_curated_endpoints,0.0,0.3469388,c1ccccc1,ar_binding,DTXSID8033562,Hydroxyflutamide,0.6900109603070821
natural_product,CHEMBL469759,CHEMBL469759,natural_product,natural_product,chembl_source_target_mie_curated,1.0,0.32786885,O=C(CCOc1ccccc1)Nc1ccccc1,ar_binding,DTXSID8033562,Hydroxyflutamide,0.6900109603070821
natural_product,CHEMBL1324,TOLCAPONE,natural_product,natural_product,chembl_source_target_mie_curated,1.0,0.28301886,O=C(c1ccccc1)c1ccccc1,ar_binding,DTXSID8033562,Hydroxyflutamide,0.6900109603070821
natural_product,CHEMBL1910411,CHEMBL1910411,natural_product,natural_product,chembl_source_target_mie_curated,1.0,0.23809524,c1ccc2c(c1)CCCN2,ar_binding,DTXSID8033562,Hydroxyflutamide,0.6900109603070821
natural_product,CHEMBL182186,CHEMBL182186,natural_product,natural_product,chembl_source_target_mie_curated,1.0,0.21818182,O=C1C2C3C=CC(C3)C2C(=O)N1c1ccccc1,ar_binding,DTXSID8033562,Hydroxyflutamide,0.6900109603070821
natural_product,CHEMBL603,ZAFIRLUKAST,natural_product,natural_product,chembl_source_target_mie_curated,1.0,0.18390805,O=C(Nc1ccc2[nH]cc(Cc3ccc(C(=O)NS(=O)(=O)c4ccccc4)cc3)c2c1)OC1CCCC1,ar_binding,DTXSID8033562,Hydroxyflutamide,0.6900109603070821
ar_support_v2,CHEMBL491,HYDROXYFLUTAMIDE,generic_bioactive,generic_bioactive,chembl_source_target_mie_curated,1.0,1.0,c1ccccc1,ar_binding,DTXSID8033562,Hydroxyflutamide,0.6900109603070821
ar_support_v2,CHEMBL48159,CHEMBL48159,generic_bioactive,generic_bioactive,chembl_source_target_mie_curated,1.0,0.74418604,c1ccccc1,ar_binding,DTXSID8033562,Hydroxyflutamide,0.6900109603070821
ar_support_v2,CHEMBL296323,CHEMBL296323,generic_bioactive,generic_bioactive,chembl_source_target_mie_curated,1.0,0.74418604,c1ccccc1,ar_binding,DTXSID8033562,Hydroxyflutamide,0.6900109603070821
ar_support_v2,CHEMBL179525,CHEMBL179525,generic_bioactive,generic_bioactive,chembl_source_target_mie_curated,1.0,0.74418604,c1ccccc1,ar_binding,DTXSID8033562,Hydroxyflutamide,0.6900109603070821
ar_support_v2,DTXSID7032004,Flutamide,pollutant,pollutant_only,ctx_target_mie_curated_endpoints,1.0,0.70731705,c1ccccc1,ar_binding,DTXSID8033562,Hydroxyflutamide,0.6900109603070821
pollutant_only,DTXSID7026102,Tetrachlorophthalic anhydride,pollutant,pollutant_only,ctx_target_mie_curated_endpoints,0.0,0.3043478,O=C1OC(=O)c2ccccc21,ar_binding,DTXSID6032518,"4,5-Dichloro-3H-1,2-dithiol-3-one",0.6794974525769553
pollutant_only,DTXSID9034286,5-Chloro-2-methyl-3(2H)-isothiazolone,pollutant,pollutant_only,ctx_target_mie_curated_endpoints,1.0,0.25,O=c1ccs[nH]1,ar_binding,DTXSID6032518,"4,5-Dichloro-3H-1,2-dithiol-3-one",0.6794974525769553
pollutant_only,DTXSID5032315,"4,5-Dichloro-2-octyl-3(2H)-isothiazolone",pollutant,pollutant_only,ctx_target_mie_curated_endpoints,1.0,0.22857143,O=c1ccs[nH]1,ar_binding,DTXSID6032518,"4,5-Dichloro-3H-1,2-dithiol-3-one",0.6794974525769553
pollutant_only,DTXSID8026193,"1,2,3-Trichlorobenzene",pollutant,pollutant_only,ctx_target_mie_curated_endpoints,0.0,0.22727273,c1ccccc1,ar_binding,DTXSID6032518,"4,5-Dichloro-3H-1,2-dithiol-3-one",0.6794974525769553
pollutant_only,DTXSID9023881,Clofentezine,pollutant,pollutant_only,ctx_target_mie_curated_endpoints,0.0,0.22222222,c1ccc(-c2nnc(-c3ccccc3)nn2)cc1,ar_binding,DTXSID6032518,"4,5-Dichloro-3H-1,2-dithiol-3-one",0.6794974525769553
natural_product,CHEMBL311000,CHEMBL311000,natural_product,natural_product,chembl_source_target_mie_curated,0.0,0.15151516,c1ccc(-c2ccccc2)cc1,ar_binding,DTXSID6032518,"4,5-Dichloro-3H-1,2-dithiol-3-one",0.6794974525769553
natural_product,CHEMBL1670,MITOTANE,natural_product,natural_product,chembl_source_target_mie_curated,1.0,0.14285715,c1ccc(Cc2ccccc2)cc1,ar_binding,DTXSID6032518,"4,5-Dichloro-3H-1,2-dithiol-3-one",0.6794974525769553
natural_product,CHEMBL195890,CHEMBL195890,natural_product,natural_product,chembl_source_target_mie_curated,0.0,0.13333334,c1ccc(-c2ccccc2)cc1,ar_binding,DTXSID6032518,"4,5-Dichloro-3H-1,2-dithiol-3-one",0.6794974525769553
natural_product,CHEMBL1112,ARIPIPRAZOLE,natural_product,natural_product,chembl_source_target_mie_curated,1.0,0.13114753,O=C1CCc2ccc(OCCCCN3CCN(c4ccccc4)CC3)cc2N1,ar_binding,DTXSID6032518,"4,5-Dichloro-3H-1,2-dithiol-3-one",0.6794974525769553
natural_product,CHEMBL1201196,SERTACONAZOLE,natural_product,natural_product,chembl_source_target_mie_curated,1.0,0.13114753,c1ccc(C(Cn2ccnc2)OCc2csc3ccccc23)cc1,ar_binding,DTXSID6032518,"4,5-Dichloro-3H-1,2-dithiol-3-one",0.6794974525769553
ar_support_v2,DTXSID7026102,Tetrachlorophthalic anhydride,pollutant,pollutant_only,ctx_target_mie_curated_endpoints,0.0,0.3043478,O=C1OC(=O)c2ccccc21,ar_binding,DTXSID6032518,"4,5-Dichloro-3H-1,2-dithiol-3-one",0.6794974525769553
ar_support_v2,DTXSID9034286,5-Chloro-2-methyl-3(2H)-isothiazolone,pollutant,pollutant_only,ctx_target_mie_curated_endpoints,1.0,0.25,O=c1ccs[nH]1,ar_binding,DTXSID6032518,"4,5-Dichloro-3H-1,2-dithiol-3-one",0.6794974525769553
ar_support_v2,DTXSID5032315,"4,5-Dichloro-2-octyl-3(2H)-isothiazolone",pollutant,pollutant_only,ctx_target_mie_curated_endpoints,1.0,0.22857143,O=c1ccs[nH]1,ar_binding,DTXSID6032518,"4,5-Dichloro-3H-1,2-dithiol-3-one",0.6794974525769553
ar_support_v2,DTXSID8026193,"1,2,3-Trichlorobenzene",pollutant,pollutant_only,ctx_target_mie_curated_endpoints,0.0,0.22727273,c1ccccc1,ar_binding,DTXSID6032518,"4,5-Dichloro-3H-1,2-dithiol-3-one",0.6794974525769553
ar_support_v2,DTXSID9023881,Clofentezine,pollutant,pollutant_only,ctx_target_mie_curated_endpoints,0.0,0.22222222,c1ccc(-c2nnc(-c3ccccc3)nn2)cc1,ar_binding,DTXSID6032518,"4,5-Dichloro-3H-1,2-dithiol-3-one",0.6794974525769553
pollutant_only,DTXSID4032613,Fenitrothion,pollutant,pollutant_only,ctx_target_mie_curated_endpoints,1.0,0.55,c1ccccc1,ar_binding,DTXSID8020620,Fenthion,0.6780911008516947
pollutant_only,DTXSID1032484,Temephos,pollutant,pollutant_only,ctx_target_mie_curated_endpoints,1.0,0.51428574,c1ccc(Sc2ccccc2)cc1,ar_binding,DTXSID8020620,Fenthion,0.6780911008516947
pollutant_only,DTXSID3024102,Fenamiphos,pollutant,pollutant_only,ctx_target_mie_curated_endpoints,0.0,0.47727272,c1ccccc1,ar_binding,DTXSID8020620,Fenthion,0.6780911008516947
pollutant_only,DTXSID1020855,Methyl parathion,pollutant,pollutant_only,ctx_target_mie_curated_endpoints,1.0,0.425,c1ccccc1,ar_binding,DTXSID8020620,Fenthion,0.6780911008516947
pollutant_only,DTXSID2034885,Fenchlorphos,pollutant,pollutant_only,ctx_target_mie_curated_endpoints,0.0,0.35897437,c1ccccc1,ar_binding,DTXSID8020620,Fenthion,0.6780911008516947
natural_product,CHEMBL1326877,DIOXYBENZONE,natural_product,natural_product,chembl_source_target_mie_curated,1.0,0.23913044,O=C(c1ccccc1)c1ccccc1,ar_binding,DTXSID8020620,Fenthion,0.6780911008516947
natural_product,CHEMBL194906,CHEMBL194906,natural_product,natural_product,chembl_source_target_mie_curated,0.0,0.2195122,C=C(c1ccccc1)c1ccccc1,ar_binding,DTXSID8020620,Fenthion,0.6780911008516947
natural_product,CHEMBL362919,METHOXYCHLOR,natural_product,natural_product,chembl_source_target_mie_curated,0.0,0.21428572,c1ccc(Cc2ccccc2)cc1,ar_binding,DTXSID8020620,Fenthion,0.6780911008516947
natural_product,CHEMBL6,INDOMETHACIN,natural_product,natural_product,chembl_source_target_mie_curated,1.0,0.21311475,O=C(c1ccccc1)n1ccc2ccccc21,ar_binding,DTXSID8020620,Fenthion,0.6780911008516947
natural_product,CHEMBL154,NAPROXEN,natural_product,natural_product,chembl_source_target_mie_curated,0.0,0.20833333,c1ccc2ccccc2c1,ar_binding,DTXSID8020620,Fenthion,0.6780911008516947
ar_support_v2,DTXSID4032613,Fenitrothion,pollutant,pollutant_only,ctx_target_mie_curated_endpoints,1.0,0.55,c1ccccc1,ar_binding,DTXSID8020620,Fenthion,0.6780911008516947
ar_support_v2,DTXSID1032484,Temephos,pollutant,pollutant_only,ctx_target_mie_curated_endpoints,1.0,0.51428574,c1ccc(Sc2ccccc2)cc1,ar_binding,DTXSID8020620,Fenthion,0.6780911008516947
ar_support_v2,DTXSID1020855,Methyl parathion,pollutant,pollutant_only,ctx_target_mie_curated_endpoints,1.0,0.425,c1ccccc1,ar_binding,DTXSID8020620,Fenthion,0.6780911008516947
ar_support_v2,DTXSID0047290,UK-416244,pollutant,pollutant_only,ctx_target_mie_curated_endpoints,1.0,0.34615386,c1ccc(Oc2ccccc2)cc1,ar_binding,DTXSID8020620,Fenthion,0.6780911008516947
ar_support_v2,DTXSID3032626,Methiocarb,pollutant,pollutant_only,ctx_target_mie_curated_endpoints,1.0,0.30232558,c1ccccc1,ar_binding,DTXSID8020620,Fenthion,0.6780911008516947
pollutant_only,DTXSID3026514,Phthalimide,pollutant,pollutant_only,ctx_target_mie_curated_endpoints,0.0,0.45,O=C1NC(=O)c2ccccc21,ar_binding,DTXSID5040704,"1,4-Naphthoquinone",0.6537878791491191
pollutant_only,DTXSID7020425,Dichlone,pollutant,pollutant_only,ctx_target_mie_curated_endpoints,1.0,0.42857143,O=C1C=CC(=O)c2ccccc21,ar_binding,DTXSID5040704,"1,4-Naphthoquinone",0.6537878791491191
pollutant_only,DTXSID5027198,N-Methylphthalimide,pollutant,pollutant_only,ctx_target_mie_curated_endpoints,0.0,0.4090909,O=C1NC(=O)c2ccccc21,ar_binding,DTXSID5040704,"1,4-Naphthoquinone",0.6537878791491191
pollutant_only,DTXSID2041252,"1,4-Diamino-9,10-anthracenedione",pollutant,pollutant_only,ctx_target_mie_curated_endpoints,0.0,0.375,O=C1c2ccccc2C(=O)c2ccccc21,ar_binding,DTXSID5040704,"1,4-Naphthoquinone",0.6537878791491191
pollutant_only,DTXSID6020068,2-Aminoanthraquinone,pollutant,pollutant_only,ctx_target_mie_curated_endpoints,0.0,0.34615386,O=C1c2ccccc2C(=O)c2ccccc21,ar_binding,DTXSID5040704,"1,4-Naphthoquinone",0.6537878791491191
natural_product,CHEMBL274318,FLAVANONE,natural_product,natural_product,chembl_source_target_mie_curated,0.0,0.28125,O=C1CC(c2ccccc2)Oc2ccccc21,ar_binding,DTXSID5040704,"1,4-Naphthoquinone",0.6537878791491191
natural_product,CHEMBL195890,CHEMBL195890,natural_product,natural_product,chembl_source_target_mie_curated,0.0,0.26923078,c1ccc(-c2ccccc2)cc1,ar_binding,DTXSID5040704,"1,4-Naphthoquinone",0.6537878791491191
natural_product,CHEMBL275638,FLAVONE,natural_product,natural_product,chembl_source_target_mie_curated,0.0,0.25,O=c1cc(-c2ccccc2)oc2ccccc12,ar_binding,DTXSID5040704,"1,4-Naphthoquinone",0.6537878791491191
natural_product,CHEMBL75897,2'-HYDROXY-FLAVANONE,natural_product,natural_product,chembl_source_target_mie_curated,1.0,0.25,O=C1CC(c2ccccc2)Oc2ccccc21,ar_binding,DTXSID5040704,"1,4-Naphthoquinone",0.6537878791491191
natural_product,CHEMBL73933,4'-HYDROXY-FLAVANONE,natural_product,natural_product,chembl_source_target_mie_curated,0.0,0.24324325,O=C1CC(c2ccccc2)Oc2ccccc21,ar_binding,DTXSID5040704,"1,4-Naphthoquinone",0.6537878791491191
ar_support_v2,DTXSID3026514,Phthalimide,pollutant,pollutant_only,ctx_target_mie_curated_endpoints,0.0,0.45,O=C1NC(=O)c2ccccc21,ar_binding,DTXSID5040704,"1,4-Naphthoquinone",0.6537878791491191
ar_support_v2,DTXSID7020425,Dichlone,pollutant,pollutant_only,ctx_target_mie_curated_endpoints,1.0,0.42857143,O=C1C=CC(=O)c2ccccc21,ar_binding,DTXSID5040704,"1,4-Naphthoquinone",0.6537878791491191
ar_support_v2,DTXSID5027198,N-Methylphthalimide,pollutant,pollutant_only,ctx_target_mie_curated_endpoints,0.0,0.4090909,O=C1NC(=O)c2ccccc21,ar_binding,DTXSID5040704,"1,4-Naphthoquinone",0.6537878791491191
ar_support_v2,DTXSID6020068,2-Aminoanthraquinone,pollutant,pollutant_only,ctx_target_mie_curated_endpoints,0.0,0.34615386,O=C1c2ccccc2C(=O)c2ccccc21,ar_binding,DTXSID5040704,"1,4-Naphthoquinone",0.6537878791491191
ar_support_v2,DTXSID5021251,Saccharin,pollutant,pollutant_only,ctx_target_mie_curated_endpoints,0.0,0.33333334,O=C1NS(=O)(=O)c2ccccc21,ar_binding,DTXSID5040704,"1,4-Naphthoquinone",0.6537878791491191
pollutant_only,DTXSID1022396,Chrysin,pollutant,pollutant_only,ctx_target_mie_curated_endpoints,0.0,0.8,O=c1cc(-c2ccccc2)oc2ccccc12,ar_binding,DTXSID6022391,Apigenin,0.6494071960449219
pollutant_only,DTXSID5022308,Genistein,pollutant,pollutant_only,ctx_target_mie_curated_endpoints,0.0,0.5121951,O=c1c(-c2ccccc2)coc2ccccc12,ar_binding,DTXSID6022391,Apigenin,0.6494071960449219
pollutant_only,DTXSID2022048,Flavone,pollutant,pollutant_only,ctx_target_mie_curated_endpoints,1.0,0.425,O=c1cc(-c2ccccc2)oc2ccccc12,ar_binding,DTXSID6022391,Apigenin,0.6494071960449219
pollutant_only,DTXSID1022394,Biochanin A,pollutant,pollutant_only,ctx_target_mie_curated_endpoints,1.0,0.3877551,O=c1c(-c2ccccc2)coc2ccccc12,ar_binding,DTXSID6022391,Apigenin,0.6494071960449219
pollutant_only,DTXSID9022310,Daidzein,pollutant,pollutant_only,ctx_target_mie_curated_endpoints,0.0,0.36363637,O=c1c(-c2ccccc2)coc2ccccc12,ar_binding,DTXSID6022391,Apigenin,0.6494071960449219
natural_product,CHEMBL484662,CHEMBL484662,natural_product,natural_product,chembl_source_target_mie_curated,1.0,0.74285716,O=c1cc(-c2ccccc2)oc2ccccc12,ar_binding,DTXSID6022391,Apigenin,0.6494071960449219
natural_product,CHEMBL16807,5-HYDROXYFLAVONE,natural_product,natural_product,chembl_source_target_mie_curated,1.0,0.57894737,O=c1cc(-c2ccccc2)oc2ccccc12,ar_binding,DTXSID6022391,Apigenin,0.6494071960449219
natural_product,CHEMBL44,GENISTEIN,natural_product,natural_product,chembl_source_target_mie_curated,0.0,0.5121951,O=c1c(-c2ccccc2)coc2ccccc12,ar_binding,DTXSID6022391,Apigenin,0.6494071960449219
natural_product,CHEMBL275638,FLAVONE,natural_product,natural_product,chembl_source_target_mie_curated,0.0,0.425,O=c1cc(-c2ccccc2)oc2ccccc12,ar_binding,DTXSID6022391,Apigenin,0.6494071960449219
natural_product,CHEMBL73380,CHEMBL73380,natural_product,natural_product,chembl_source_target_mie_curated,1.0,0.2777778,c1ccc(-c2ccccc2)cc1,ar_binding,DTXSID6022391,Apigenin,0.6494071960449219
ar_support_v2,CHEMBL484662,CHEMBL484662,natural_product,natural_product,chembl_source_target_mie_curated,1.0,0.74285716,O=c1cc(-c2ccccc2)oc2ccccc12,ar_binding,DTXSID6022391,Apigenin,0.6494071960449219
ar_support_v2,CHEMBL2386399,CHEMBL2386399,generic_bioactive,generic_bioactive,chembl_source_target_mie_curated,1.0,0.5897436,O=c1cc(-c2ccccc2)oc2ccccc12,ar_binding,DTXSID6022391,Apigenin,0.6494071960449219
ar_support_v2,CHEMBL2386393,CHEMBL2386393,generic_bioactive,generic_bioactive,chembl_source_target_mie_curated,1.0,0.5897436,O=c1cc(-c2ccccc2)oc2ccccc12,ar_binding,DTXSID6022391,Apigenin,0.6494071960449219
ar_support_v2,CHEMBL16972,CHEMBL16972,generic_bioactive,generic_bioactive,chembl_source_target_mie_curated,0.0,0.5897436,O=c1cc(-c2ccccc2)oc2ccccc12,ar_binding,DTXSID6022391,Apigenin,0.6494071960449219
ar_support_v2,CHEMBL16807,5-HYDROXYFLAVONE,natural_product,natural_product,chembl_source_target_mie_curated,1.0,0.57894737,O=c1cc(-c2ccccc2)oc2ccccc12,ar_binding,DTXSID6022391,Apigenin,0.6494071960449219
pollutant_only,DTXSID2047355,Trelanserin,pollutant,pollutant_only,ctx_target_mie_curated_endpoints,0.0,0.29213482,O=c1cc(CCN2CCN(c3nccc4sccc34)CC2)c2ccccc2[nH]1,ar_binding,DTXSID7047271,PD 0343701,0.643956470489502
pollutant_only,DTXSID1034181,Raloxifene hydrochloride,pollutant,pollutant_only,ctx_target_mie_curated_endpoints,0.0,0.25301206,O=C(c1ccc(OCCN2CCCCC2)cc1)c1c(-c2ccccc2)sc2ccccc12,ar_binding,DTXSID7047271,PD 0343701,0.643956470489502
pollutant_only,DTXSID1048172,PharmaGSID_48172,pollutant,pollutant_only,ctx_target_mie_curated_endpoints,1.0,0.25,O=C1c2ccccc2C(=O)N1CCc1noc(-c2ccc(CN3CCCCCC3)s2)n1,ar_binding,DTXSID7047271,PD 0343701,0.643956470489502
pollutant_only,DTXSID1047289,UK-343664,pollutant,pollutant_only,ctx_target_mie_curated_endpoints,0.0,0.23,O=c1[nH]c(-c2cccc(S(=O)(=O)N3CCNCC3)c2)nc2cn(Cc3ccccn3)nc12,ar_binding,DTXSID7047271,PD 0343701,0.643956470489502
pollutant_only,DTXSID7022253,Resmethrin,pollutant,pollutant_only,ctx_target_mie_curated_endpoints,1.0,0.22891566,O=C(OCc1coc(Cc2ccccc2)c1)C1CC1,ar_binding,DTXSID7047271,PD 0343701,0.643956470489502
natural_product,CHEMBL708,ZIPRASIDONE,natural_product,natural_product,chembl_source_target_mie_curated,1.0,0.54285717,O=C1Cc2cc(CCN3CCN(c4nsc5ccccc45)CC3)ccc2N1,ar_binding,DTXSID7047271,PD 0343701,0.643956470489502
natural_product,CHEMBL1112,ARIPIPRAZOLE,natural_product,natural_product,chembl_source_target_mie_curated,1.0,0.28235295,O=C1CCc2ccc(OCCCCN3CCN(c4ccccc4)CC3)cc2N1,ar_binding,DTXSID7047271,PD 0343701,0.643956470489502
natural_product,CHEMBL278819,MINAPRINE,natural_product,natural_product,chembl_source_target_mie_curated,1.0,0.2278481,c1ccc(-c2ccc(NCCN3CCOCC3)nn2)cc1,ar_binding,DTXSID7047271,PD 0343701,0.643956470489502
natural_product,CHEMBL1085,ACETOPHENAZINE,natural_product,natural_product,chembl_source_target_mie_curated,1.0,0.2195122,c1ccc2c(c1)Sc1ccccc1N2CCCN1CCNCC1,ar_binding,DTXSID7047271,PD 0343701,0.643956470489502
natural_product,CHEMBL3039217,TRIPTOPHENOLIDE,natural_product,natural_product,chembl_source_target_mie_curated,1.0,0.20481928,O=C1OCC2=C1CCC1c3ccccc3CCC21,ar_binding,DTXSID7047271,PD 0343701,0.643956470489502
ar_support_v2,CHEMBL708,ZIPRASIDONE,natural_product,natural_product,chembl_source_target_mie_curated,1.0,0.54285717,O=C1Cc2cc(CCN3CCN(c4nsc5ccccc45)CC3)ccc2N1,ar_binding,DTXSID7047271,PD 0343701,0.643956470489502
ar_support_v2,CHEMBL4454790,CHEMBL4454790,generic_bioactive,generic_bioactive,chembl_source_target_mie_curated,0.0,0.30666667,c1ccc(N2CCN(CCSCc3cnoc3)CC2)cc1,ar_binding,DTXSID7047271,PD 0343701,0.643956470489502
ar_support_v2,CHEMBL4443680,CHEMBL4443680,generic_bioactive,generic_bioactive,chembl_source_target_mie_curated,1.0,0.30666667,O=c1cc(N2CCN(c3ccccn3)CC2)c2ccc3ccccc3c2o1,ar_binding,DTXSID7047271,PD 0343701,0.643956470489502
ar_support_v2,CHEMBL4459595,CHEMBL4459595,generic_bioactive,generic_bioactive,chembl_source_target_mie_curated,1.0,0.30136988,O=c1cc(N2CCN(c3ccccc3)CC2)c2ccc3ccccc3c2o1,ar_binding,DTXSID7047271,PD 0343701,0.643956470489502
ar_support_v2,CHEMBL4462787,CHEMBL4462787,generic_bioactive,generic_bioactive,chembl_source_target_mie_curated,0.0,0.29577464,O=C(CSCc1ccccc1)N1CCN(c2ccccc2)CC1,ar_binding,DTXSID7047271,PD 0343701,0.643956470489502
